{
  "name": "JsonStreamingParser",
  "keywords": "json, streaming",
  "description": "A very memory efficient library to parse (large) JSON objects on embedded devices",
  "repository": {
    "type": "git",
    "url": "https://github.com/squix78/json-streaming-parser.git"
  },
  "authors": {
    "name": "Daniel Eichhorn",
    "url": "http://blog.squix.ch"
  },
  "version": "1.0.4",
  "frameworks": "arduino",
  "platforms": "*",
  "examples": [
    "examples/JsonStreamingParser/*.ino",
    "examples/JsonStreamingParser/*.cpp",
    "examples/JsonStreamingParser/*.h"
  ]
}
